{
  "timestamp": "2026-01-10T15:08:02.601434",
  "extraction_method": "llm",
  "text_length": 1183,
  "claim_count_llm": 20,
  "cluster_count": 5,
  "contradiction_count": 0,
  "chunking": 0.00045561790466308594,
  "embedding_chunks": 1.244870662689209,
  "extraction_llm": 0.0024182796478271484,
  "embedding": 0.02956247329711914,
  "clustering": 0.0007245540618896484,
  "contradiction_detection": 0.0010018348693847656
}