{
  "timestamp": "2026-01-10T00:46:29.586655",
  "text_length": 1183,
  "text_word_count": 168,
  "chunk_count": 8,
  "claim_count_rule_based": 20,
  "cluster_count": 5,
  "ambiguous_claim_count": 0,
  "contradiction_count": 0,
  "chunking": 0.0003676414489746094,
  "embedding_chunks": 1.0048153400421143,
  "extraction_rule_based": 0.0024313926696777344,
  "embedding": 0.026907682418823242,
  "clustering": 0.0008599758148193359,
  "ambiguity_detection": 7.486343383789062e-05,
  "contradiction_detection": 0.0013697147369384766,
  "render_natural": 7.700920104980469e-05,
  "render_bullet": 6.246566772460938e-05,
  "render_conflict": 5.364418029785156e-05,
  "total_time_seconds": 1.6258583068847656
}