{
  "timestamp": "2026-01-12T01:39:14.379745",
  "extraction_method": "llm",
  "text_length": 1183,
  "claim_count_llm": 20,
  "cluster_count": 5,
  "contradiction_count": 0,
  "chunking": 0.00036835670471191406,
  "embedding_chunks": 1.0069124698638916,
  "extraction_llm": 0.0024559497833251953,
  "embedding": 0.0260617733001709,
  "clustering": 0.0006551742553710938,
  "contradiction_detection": 0.0009667873382568359
}