{
  "timestamp": "2026-01-09T02:43:17.817336",
  "extraction_method": "llm",
  "text_length": 1183,
  "claim_count_llm": 20,
  "cluster_count": 5,
  "contradiction_count": 0,
  "chunking": 0.0,
  "embedding_chunks": 1.1705772876739502,
  "extraction_llm": 0.003553152084350586,
  "embedding": 0.029909610748291016,
  "clustering": 0.000997781753540039,
  "contradiction_detection": 0.0010039806365966797
}