{
  "timestamp": "2026-01-13T19:21:02.424105",
  "text_length": 1183,
  "text_word_count": 168,
  "chunk_count": 8,
  "claim_count_rule_based": 20,
  "cluster_count": 5,
  "ambiguous_claim_count": 0,
  "contradiction_count": 0,
  "chunking": 0.0003821849822998047,
  "embedding_chunks": 1.2614080905914307,
  "extraction_rule_based": 0.002516508102416992,
  "embedding": 0.028055906295776367,
  "clustering": 0.0006837844848632812,
  "ambiguity_detection": 7.009506225585938e-05,
  "contradiction_detection": 0.00096893310546875,
  "render_natural": 6.771087646484375e-05,
  "render_bullet": 6.175041198730469e-05,
  "render_conflict": 5.2928924560546875e-05,
  "total_time_seconds": 1.7207756042480469
}