{
  "timestamp": "2026-01-12T16:52:19.955472",
  "text_length": 1183,
  "text_word_count": 168,
  "chunk_count": 8,
  "claim_count_rule_based": 20,
  "cluster_count": 5,
  "ambiguous_claim_count": 0,
  "contradiction_count": 0,
  "chunking": 0.0003783702850341797,
  "embedding_chunks": 1.2453439235687256,
  "extraction_rule_based": 0.002400636672973633,
  "embedding": 0.03069782257080078,
  "clustering": 0.0006945133209228516,
  "ambiguity_detection": 7.009506225585938e-05,
  "contradiction_detection": 0.0011682510375976562,
  "render_natural": 7.724761962890625e-05,
  "render_bullet": 6.628036499023438e-05,
  "render_conflict": 6.461143493652344e-05,
  "total_time_seconds": 2.2386274337768555
}