{
  "timestamp": "2026-01-03T17:29:26.167621",
  "text_length": 1183,
  "text_word_count": 168,
  "chunk_count": 8,
  "claim_count_rule_based": 20,
  "cluster_count": 5,
  "ambiguous_claim_count": 0,
  "contradiction_count": 0,
  "chunking": 0.0010004043579101562,
  "embedding_chunks": 0.9409148693084717,
  "extraction_rule_based": 0.0025315284729003906,
  "embedding": 0.02485346794128418,
  "clustering": 0.0009999275207519531,
  "ambiguity_detection": 0.0,
  "contradiction_detection": 0.0009717941284179688,
  "render_natural": 0.0,
  "render_bullet": 0.0,
  "render_conflict": 0.0,
  "total_time_seconds": 1.1419219970703125
}