{
  "timestamp": "2026-01-10T13:57:13.985379",
  "text_length": 1183,
  "text_word_count": 168,
  "chunk_count": 8,
  "claim_count_rule_based": 20,
  "cluster_count": 5,
  "ambiguous_claim_count": 0,
  "contradiction_count": 0,
  "chunking": 0.0003707408905029297,
  "embedding_chunks": 1.2474534511566162,
  "extraction_rule_based": 0.0023314952850341797,
  "embedding": 0.04343247413635254,
  "clustering": 0.0007405281066894531,
  "ambiguity_detection": 7.271766662597656e-05,
  "contradiction_detection": 0.0009913444519042969,
  "render_natural": 6.866455078125e-05,
  "render_bullet": 6.270408630371094e-05,
  "render_conflict": 5.316734313964844e-05,
  "total_time_seconds": 2.2832467555999756
}