{
  "timestamp": "2026-01-09T02:43:16.642582",
  "text_length": 1183,
  "text_word_count": 168,
  "chunk_count": 8,
  "claim_count_rule_based": 20,
  "cluster_count": 5,
  "ambiguous_claim_count": 0,
  "contradiction_count": 0,
  "chunking": 0.0,
  "embedding_chunks": 1.0517816543579102,
  "extraction_rule_based": 0.0030999183654785156,
  "embedding": 0.027701377868652344,
  "clustering": 0.0010051727294921875,
  "ambiguity_detection": 0.0,
  "contradiction_detection": 0.0005609989166259766,
  "render_natural": 0.0,
  "render_bullet": 0.0,
  "render_conflict": 0.0,
  "total_time_seconds": 1.7297673225402832
}