{
  "timestamp": "2026-01-11T15:18:40.741285",
  "text_length": 1183,
  "text_word_count": 168,
  "chunk_count": 8,
  "claim_count_rule_based": 20,
  "cluster_count": 5,
  "ambiguous_claim_count": 0,
  "contradiction_count": 0,
  "chunking": 0.0,
  "embedding_chunks": 1.07790207862854,
  "extraction_rule_based": 0.002517223358154297,
  "embedding": 0.016734600067138672,
  "clustering": 0.0014798641204833984,
  "ambiguity_detection": 0.0,
  "contradiction_detection": 0.0015683174133300781,
  "render_natural": 0.0,
  "render_bullet": 0.0,
  "render_conflict": 0.0010051727294921875,
  "total_time_seconds": 1.843492031097412
}