{
  "timestamp": "2026-01-13T00:15:26.381249",
  "text_length": 1183,
  "text_word_count": 168,
  "chunk_count": 8,
  "claim_count_rule_based": 20,
  "cluster_count": 5,
  "ambiguous_claim_count": 0,
  "contradiction_count": 0,
  "chunking": 0.00036144256591796875,
  "embedding_chunks": 1.2611563205718994,
  "extraction_rule_based": 0.002451181411743164,
  "embedding": 0.045182228088378906,
  "clustering": 0.0008416175842285156,
  "ambiguity_detection": 7.557868957519531e-05,
  "contradiction_detection": 0.0010797977447509766,
  "render_natural": 7.843971252441406e-05,
  "render_bullet": 6.175041198730469e-05,
  "render_conflict": 5.316734313964844e-05,
  "total_time_seconds": 1.6964929103851318
}