{
  "timestamp": "2026-01-10T15:07:59.775126",
  "text_length": 1183,
  "text_word_count": 168,
  "chunk_count": 8,
  "claim_count_rule_based": 20,
  "cluster_count": 5,
  "ambiguous_claim_count": 0,
  "contradiction_count": 0,
  "chunking": 0.0003650188446044922,
  "embedding_chunks": 2.7762269973754883,
  "extraction_rule_based": 0.0022759437561035156,
  "embedding": 0.03500699996948242,
  "clustering": 0.0007233619689941406,
  "ambiguity_detection": 7.581710815429688e-05,
  "contradiction_detection": 0.0009706020355224609,
  "render_natural": 7.104873657226562e-05,
  "render_bullet": 6.413459777832031e-05,
  "render_conflict": 5.4836273193359375e-05,
  "total_time_seconds": 3.593198299407959
}