{
  "timestamp": "2026-01-12T13:13:22.971448",
  "text_length": 1183,
  "text_word_count": 168,
  "chunk_count": 8,
  "claim_count_rule_based": 20,
  "cluster_count": 5,
  "ambiguous_claim_count": 0,
  "contradiction_count": 0,
  "chunking": 0.000392913818359375,
  "embedding_chunks": 1.220395565032959,
  "extraction_rule_based": 0.0022475719451904297,
  "embedding": 0.04213714599609375,
  "clustering": 0.0006914138793945312,
  "ambiguity_detection": 7.43865966796875e-05,
  "contradiction_detection": 0.0009589195251464844,
  "render_natural": 6.914138793945312e-05,
  "render_bullet": 6.246566772460938e-05,
  "render_conflict": 0.00015401840209960938,
  "total_time_seconds": 2.2411394119262695
}