{
  "timestamp": "2026-01-12T20:00:04.204310",
  "text_length": 1183,
  "text_word_count": 168,
  "chunk_count": 8,
  "claim_count_rule_based": 20,
  "cluster_count": 5,
  "ambiguous_claim_count": 0,
  "contradiction_count": 0,
  "chunking": 0.0005254745483398438,
  "embedding_chunks": 1.0739917755126953,
  "extraction_rule_based": 0.0025339126586914062,
  "embedding": 0.028898239135742188,
  "clustering": 0.0011093616485595703,
  "ambiguity_detection": 9.799003601074219e-05,
  "contradiction_detection": 0.0010802745819091797,
  "render_natural": 6.914138793945312e-05,
  "render_bullet": 6.198883056640625e-05,
  "render_conflict": 5.2928924560546875e-05,
  "total_time_seconds": 1.314852237701416
}