{
  "timestamp": "2026-01-11T15:42:09.971644",
  "text_length": 1183,
  "text_word_count": 168,
  "chunk_count": 8,
  "claim_count_rule_based": 20,
  "cluster_count": 5,
  "ambiguous_claim_count": 0,
  "contradiction_count": 0,
  "chunking": 0.0,
  "embedding_chunks": 1.0421476364135742,
  "extraction_rule_based": 0.0030205249786376953,
  "embedding": 0.015560150146484375,
  "clustering": 0.0,
  "ambiguity_detection": 0.0010030269622802734,
  "contradiction_detection": 0.0009992122650146484,
  "render_natural": 0.0,
  "render_bullet": 0.0,
  "render_conflict": 0.0,
  "total_time_seconds": 2.036438465118408
}