{
  "timestamp": "2026-01-13T19:07:16.236553",
  "text_length": 1183,
  "text_word_count": 168,
  "chunk_count": 8,
  "claim_count_rule_based": 20,
  "cluster_count": 5,
  "ambiguous_claim_count": 0,
  "contradiction_count": 0,
  "chunking": 0.0003752708435058594,
  "embedding_chunks": 1.0995099544525146,
  "extraction_rule_based": 0.002278566360473633,
  "embedding": 0.03271055221557617,
  "clustering": 0.0008127689361572266,
  "ambiguity_detection": 7.581710815429688e-05,
  "contradiction_detection": 0.0012390613555908203,
  "render_natural": 8.7738037109375e-05,
  "render_bullet": 6.389617919921875e-05,
  "render_conflict": 5.412101745605469e-05,
  "total_time_seconds": 1.3758807182312012
}