{
  "timestamp": "2026-01-12T20:00:05.326432",
  "extraction_method": "llm",
  "text_length": 1183,
  "claim_count_llm": 20,
  "cluster_count": 5,
  "contradiction_count": 0,
  "chunking": 0.000400543212890625,
  "embedding_chunks": 1.1567423343658447,
  "extraction_llm": 0.0025784969329833984,
  "embedding": 0.029656410217285156,
  "clustering": 0.0006651878356933594,
  "contradiction_detection": 0.0012366771697998047
}