{
  "timestamp": "2026-01-10T11:55:46.780436",
  "text_length": 1183,
  "text_word_count": 168,
  "chunk_count": 8,
  "claim_count_rule_based": 20,
  "cluster_count": 5,
  "ambiguous_claim_count": 0,
  "contradiction_count": 0,
  "chunking": 0.00035881996154785156,
  "embedding_chunks": 1.2501096725463867,
  "extraction_rule_based": 0.0027146339416503906,
  "embedding": 0.027838945388793945,
  "clustering": 0.0006814002990722656,
  "ambiguity_detection": 7.104873657226562e-05,
  "contradiction_detection": 0.0009887218475341797,
  "render_natural": 7.414817810058594e-05,
  "render_bullet": 6.198883056640625e-05,
  "render_conflict": 5.269050598144531e-05,
  "total_time_seconds": 2.0654456615448
}