{
  "timestamp": "2026-01-03T14:36:53.250269",
  "text_length": 1183,
  "text_word_count": 168,
  "chunk_count": 8,
  "claim_count_rule_based": 20,
  "cluster_count": 5,
  "ambiguous_claim_count": 0,
  "contradiction_count": 0,
  "chunking": 0.0,
  "embedding_chunks": 0.9042816162109375,
  "extraction_rule_based": 0.0030050277709960938,
  "embedding": 0.012676715850830078,
  "clustering": 0.0010018348693847656,
  "ambiguity_detection": 0.0,
  "contradiction_detection": 0.00099945068359375,
  "render_natural": 0.0,
  "render_bullet": 0.0,
  "render_conflict": 0.0,
  "total_time_seconds": 1.1752345561981201
}