{
  "timestamp": "2026-01-10T02:51:59.424741",
  "text_length": 1183,
  "text_word_count": 168,
  "chunk_count": 8,
  "claim_count_rule_based": 20,
  "cluster_count": 5,
  "ambiguous_claim_count": 0,
  "contradiction_count": 0,
  "chunking": 0.00036454200744628906,
  "embedding_chunks": 1.0791692733764648,
  "extraction_rule_based": 0.0023965835571289062,
  "embedding": 0.027585983276367188,
  "clustering": 0.0006976127624511719,
  "ambiguity_detection": 8.082389831542969e-05,
  "contradiction_detection": 0.0009708404541015625,
  "render_natural": 6.723403930664062e-05,
  "render_bullet": 6.151199340820312e-05,
  "render_conflict": 5.269050598144531e-05,
  "total_time_seconds": 1.538409948348999
}