{
  "timestamp": "2026-01-10T13:26:18.273704",
  "text_length": 1183,
  "text_word_count": 168,
  "chunk_count": 8,
  "claim_count_rule_based": 20,
  "cluster_count": 5,
  "ambiguous_claim_count": 0,
  "contradiction_count": 0,
  "chunking": 0.0003681182861328125,
  "embedding_chunks": 1.0786938667297363,
  "extraction_rule_based": 0.0023508071899414062,
  "embedding": 0.03454303741455078,
  "clustering": 0.0009701251983642578,
  "ambiguity_detection": 8.845329284667969e-05,
  "contradiction_detection": 0.000978231430053711,
  "render_natural": 7.534027099609375e-05,
  "render_bullet": 6.175041198730469e-05,
  "render_conflict": 5.340576171875e-05,
  "total_time_seconds": 1.3940067291259766
}