{
  "timestamp": "2026-01-12T01:39:13.321635",
  "text_length": 1183,
  "text_word_count": 168,
  "chunk_count": 8,
  "claim_count_rule_based": 20,
  "cluster_count": 5,
  "ambiguous_claim_count": 0,
  "contradiction_count": 0,
  "chunking": 0.0003635883331298828,
  "embedding_chunks": 1.0161101818084717,
  "extraction_rule_based": 0.002287149429321289,
  "embedding": 0.027547121047973633,
  "clustering": 0.0007357597351074219,
  "ambiguity_detection": 7.82012939453125e-05,
  "contradiction_detection": 0.0009763240814208984,
  "render_natural": 6.866455078125e-05,
  "render_bullet": 6.198883056640625e-05,
  "render_conflict": 5.269050598144531e-05,
  "total_time_seconds": 1.3719394207000732
}