{
  "method": "NLI-Based (Heuristic-based NLI)",
  "description": "Natural Language Inference for contradiction detection",
  "model_type": "Heuristic-based NLI",
  "category_evaluation": {
    "test_set": "Phase 2 test set (90 examples)",
    "accuracy": 0.7222222222222222,
    "macro_precision": 0.814484126984127,
    "macro_recall": 0.724802371541502,
    "macro_f1": 0.7285352051952252,
    "per_category_metrics": {
      "REFINEMENT": {
        "precision": 0.7857142857142857,
        "recall": 1.0,
        "f1": 0.88,
        "support": 22
      },
      "REVISION": {
        "precision": 0.4722222222222222,
        "recall": 0.7391304347826086,
        "f1": 0.576271186440678,
        "support": 23
      },
      "TEMPORAL": {
        "precision": 1.0,
        "recall": 0.6818181818181818,
        "f1": 0.8108108108108109,
        "support": 22
      },
      "CONFLICT": {
        "precision": 1.0,
        "recall": 0.4782608695652174,
        "f1": 0.6470588235294118,
        "support": 23
      }
    }
  },
  "policy_evaluation": {
    "test_set": "Phase 3 test set (90 examples)",
    "accuracy": 0.7111111111111111,
    "macro_precision": 0.8555555555555555,
    "macro_recall": 0.6817204301075268,
    "macro_f1": 0.6930488507459721,
    "per_policy_metrics": {
      "OVERRIDE": {
        "precision": 0.5666666666666667,
        "recall": 1.0,
        "f1": 0.723404255319149,
        "support": 34
      },
      "PRESERVE": {
        "precision": 1.0,
        "recall": 0.6451612903225806,
        "f1": 0.7843137254901961,
        "support": 31
      },
      "ASK_USER": {
        "precision": 1.0,
        "recall": 0.4,
        "f1": 0.5714285714285714,
        "support": 25
      }
    }
  }
}