{
  "method": "Override (Simple RAG)",
  "description": "Simple RAG with last-write-wins, TF-IDF similarity",
  "category_evaluation": {
    "test_set": "Phase 2 test set (90 examples)",
    "accuracy": 0.4777777777777778,
    "macro_precision": 0.5732758620689655,
    "macro_recall": 0.47480237154150196,
    "macro_f1": 0.46940568018999396,
    "per_category_metrics": {
      "REFINEMENT": {
        "precision": 0.0,
        "recall": 0.0,
        "f1": 0.0,
        "support": 22
      },
      "REVISION": {
        "precision": 0.29310344827586204,
        "recall": 0.7391304347826086,
        "f1": 0.41975308641975306,
        "support": 23
      },
      "TEMPORAL": {
        "precision": 1.0,
        "recall": 0.6818181818181818,
        "f1": 0.8108108108108109,
        "support": 22
      },
      "CONFLICT": {
        "precision": 1.0,
        "recall": 0.4782608695652174,
        "f1": 0.6470588235294118,
        "support": 23
      }
    }
  },
  "policy_evaluation": {
    "test_set": "Phase 3 test set (90 examples)",
    "accuracy": 0.37777777777777777,
    "macro_precision": 0.1259259259259259,
    "macro_recall": 0.3333333333333333,
    "macro_f1": 0.18279569892473116,
    "per_policy_metrics": {
      "OVERRIDE": {
        "precision": 0.37777777777777777,
        "recall": 1.0,
        "f1": 0.5483870967741935,
        "support": 34
      },
      "PRESERVE": {
        "precision": 0.0,
        "recall": 0.0,
        "f1": 0.0,
        "support": 31
      },
      "ASK_USER": {
        "precision": 0.0,
        "recall": 0.0,
        "f1": 0.0,
        "support": 25
      }
    }
  }
}