{
  "method": "Stateless (No Memory)",
  "description": "Standard LLM with no long-term memory, keyword-based prediction",
  "test_set": "Phase 2 test set (90 examples)",
  "accuracy": 0.6666666666666666,
  "macro_precision": 0.6057692307692308,
  "macro_recall": 0.6704545454545454,
  "macro_f1": 0.6013513513513513,
  "per_category_metrics": {
    "REFINEMENT": {
      "precision": 0.4230769230769231,
      "recall": 1.0,
      "f1": 0.5945945945945946,
      "support": 22
    },
    "REVISION": {
      "precision": 0.0,
      "recall": 0.0,
      "f1": 0.0,
      "support": 23
    },
    "TEMPORAL": {
      "precision": 1.0,
      "recall": 0.6818181818181818,
      "f1": 0.8108108108108109,
      "support": 22
    },
    "CONFLICT": {
      "precision": 1.0,
      "recall": 1.0,
      "f1": 1.0,
      "support": 23
    }
  }
}