{
  "num_iterations": 100,
  "methods": {
    "Stateless": {
      "min": 0.0006210000265127746,
      "max": 0.005118999979458749,
      "mean": 0.002027099997121695,
      "median": 0.0023444999897037633,
      "p95": 0.0032850501384018567,
      "p99": 0.004762600146932529,
      "std": 0.0010242024091409547
    },
    "Override": {
      "min": 0.9418730001016229,
      "max": 1.6794059999938327,
      "mean": 0.9891805900156214,
      "median": 0.9719139999333493,
      "p95": 1.0403613499534003,
      "p99": 1.2433496100675279,
      "std": 0.07887901714948292
    },
    "NLI": {
      "min": 2.8418389999842475,
      "max": 5.053774999851157,
      "mean": 3.044875710004362,
      "median": 2.916297499950815,
      "p95": 4.335657149977123,
      "p99": 5.04742811011738,
      "std": 0.46311826420284324
    },
    "Heuristic Policies": {
      "min": 9.999985195463523e-05,
      "max": 0.0013330000001587905,
      "mean": 0.00015447998976014787,
      "median": 0.00012049997621943476,
      "p95": 0.0002619999690978147,
      "p99": 0.0005291199477142113,
      "std": 0.00013274437272157156
    },
    "CRT + Learned (Ours)": {
      "min": 0.3108480000264535,
      "max": 0.9822480001275835,
      "mean": 0.3427698400128065,
      "median": 0.32968849995995697,
      "p95": 0.4201144999910865,
      "p99": 0.495023459959614,
      "std": 0.07204186001823525
    }
  }
}