{
  "num_iterations": 100,
  "methods": {
    "Stateless": {
      "min": 0.0005819999842060497,
      "max": 0.006702000064251479,
      "mean": 0.0020204499969622702,
      "median": 0.002289999997628911,
      "p95": 0.003387450101399736,
      "p99": 0.005164530116417162,
      "std": 0.0011153115670429741
    },
    "Override": {
      "min": 0.9609380001620593,
      "max": 1.7400279998582846,
      "mean": 1.0107158099981461,
      "median": 0.993218500070725,
      "p95": 1.0788992000129838,
      "p99": 1.2005037401604597,
      "std": 0.08027131147099635
    },
    "NLI": {
      "min": 2.8994759998113295,
      "max": 3.1719229998543597,
      "mean": 2.976369959985732,
      "median": 2.965329000062411,
      "p95": 3.069192150064737,
      "p99": 3.1253860699325746,
      "std": 0.05015869868810344
    },
    "Heuristic Policies": {
      "min": 0.00010000007932831068,
      "max": 0.0012230000265844865,
      "mean": 0.0001622099944142974,
      "median": 0.00012999998943996616,
      "p95": 0.00024144995904862296,
      "p99": 0.0007260201050485219,
      "std": 0.00012989259712326977
    },
    "CRT + Learned (Ours)": {
      "min": 0.3120810001746577,
      "max": 0.9756059998835553,
      "mean": 0.34870128002239653,
      "median": 0.33357050006088684,
      "p95": 0.4876972500596821,
      "p99": 0.5764073100453991,
      "std": 0.07569490003238755
    }
  }
}