{
  "num_iterations": 100,
  "methods": {
    "Stateless": {
      "min": 0.0005998881533741951,
      "max": 0.006399932317435741,
      "mean": 0.0019609974697232246,
      "median": 0.002300017513334751,
      "p95": 0.0032050244044512506,
      "p99": 0.004420032491907488,
      "std": 0.0010606469508922327
    },
    "Override": {
      "min": 0.9862999431788921,
      "max": 19.14220000617206,
      "mean": 1.5145900007337332,
      "median": 1.193150004837662,
      "p95": 2.5293550104834135,
      "p99": 4.358530036406668,
      "std": 1.8345256495175453
    },
    "NLI": {
      "min": 492.90820001624525,
      "max": 851.8666999880224,
      "mean": 567.9439599951729,
      "median": 550.9829000220634,
      "p95": 686.3949649850838,
      "p99": 764.2803109053061,
      "std": 61.76023081333374
    },
    "Heuristic Policies": {
      "min": 0.000100000761449337,
      "max": 0.001400010660290718,
      "mean": 0.00015199999324977398,
      "median": 0.000100000761449337,
      "p95": 0.000200001522898674,
      "p99": 0.0008060061372816593,
      "std": 0.00015197447188467853
    },
    "CRT + Learned (Ours)": {
      "min": 0.2639000304043293,
      "max": 3.2146000303328037,
      "mean": 0.49385199905373156,
      "median": 0.31954998848959804,
      "p95": 1.8641599803231657,
      "p99": 2.350924023194243,
      "std": 0.4954295993536311
    }
  }
}