Feature_Set,Accuracy,Delta_from_Full,Features_Used
All Features (Baseline),1.0,0.0,21
No Category,0.9873417721518988,-0.012658227848101222,15
No Confidence,0.9620253164556962,-0.03797468354430378,16
No Linguistic,1.0,0.0,18
No Slot Type,1.0,0.0,16
Minimal (Category + Confidence),1.0,0.0,9
Top 5 Important,0.9746835443037974,-0.025316455696202556,5
