Feature_Set,Accuracy,Delta_from_Full,Features_Used
All Features (Baseline),1.0,0.0,21
No Category,1.0,0.0,15
No Confidence,0.9240506329113924,-0.07594936708860756,16
No Linguistic,1.0,0.0,18
No Slot Type,1.0,0.0,16
Minimal (Category + Confidence),0.9873417721518988,-0.012658227848101222,9
Top 5 Important,0.9240506329113924,-0.07594936708860756,5
