Model,Train_Acc,Val_Acc,Test_Acc,Cross_Val_Mean,Cross_Val_Std
Logistic Regression,0.8858267716535433,0.8271604938271605,0.8734177215189873,0.8860392156862744,0.028369615144325414
Random Forest,0.984251968503937,0.9876543209876543,0.9873417721518988,0.8781176470588236,0.03766862127600456
XGBoost,1.0,1.0,1.0,0.8544313725490197,0.04194018185805602
